date_only,total_records,total_qty,total_revenue,total_cost,total_waste_cost,avg_profit_margin
2023-02-01,12,15,1606.0,481.80000000000007,31.240000000000002,0.6999999999999998
2023-02-02,15,16,1578.0,473.40000000000003,31.689999999999998,0.7
2023-02-03,10,11,1173.0,336.90000000000003,27.19,0.71364
2023-02-04,22,26,2595.0,763.5,55.71,0.7061999999999999
2023-02-05,30,36,3552.0,1050.6000000000001,72.48,0.7045466666666667
2023-02-06,19,26,2542.0,762.6,51.52,0.7
2023-02-07,15,17,1609.0,482.70000000000005,30.55,0.7
2023-02-08,13,18,1855.0,541.5,34.2,0.7104923076923076
2023-02-09,7,8,754.0,226.20000000000002,17.47,0.7
2023-02-10,11,12,1098.0,329.40000000000003,25.81,0.7
2023-02-11,32,44,4132.0,1239.6000000000001,90.58,0.7
2023-02-12,18,19,1824.0,547.2,41.84,0.7
2023-02-13,14,15,1517.0,455.1,36.26,0.7
2023-02-14,24,25,2446.0,703.8000000000001,49.129999999999995,0.7056833333333333
2023-02-15,13,13,1222.0,366.6,26.14,0.7
2023-02-16,23,30,2978.0,863.4000000000001,57.67,0.7059304347826086
2023-02-17,17,17,1756.0,526.8000000000001,41.699999999999996,0.7
2023-02-18,10,12,1165.0,349.5,21.37,0.7
2023-02-19,47,55,5188.0,1556.4,114.32,0.7
2023-02-20,30,34,3093.0,927.9,67.88,0.7
2023-02-21,7,11,924.0,277.2,22.55,0.7
2023-02-23,11,15,1430.0,399.0,42.29,0.7123999999999999
2023-02-24,12,16,1657.0,467.1,31.79,0.7113666666666667
2023-02-25,18,20,2045.0,613.5,48.29,0.7
2023-02-26,41,51,5071.0,1506.3000000000002,116.93,0.7033268292682926
2023-02-27,25,30,2802.0,825.6,57.46,0.705456
2023-02-28,25,27,2480.0,744.0,60.05,0.7
2023-03-01,9,10,943.0,282.9,25.119999999999997,0.7
2023-03-02,14,20,1933.0,579.9000000000001,42.03,0.7
2023-03-03,9,12,1147.0,344.1,31.16,0.7
2023-03-04,34,38,3624.0,1087.2,77.28,0.7
2023-03-05,29,34,3166.0,934.8000000000001,65.74,0.7047034482758621
2023-03-06,5,8,744.0,223.2,14.33,0.7
2023-03-07,6,7,616.0,184.8,13.85,0.6999999999999998
2023-03-08,15,17,1611.0,468.3,30.27,0.7090933333333334
2023-03-09,12,14,1451.0,405.3,28.39,0.7113666666666667
2023-03-10,12,14,1281.0,354.3,23.31,0.7113666666666667
2023-03-11,14,14,1359.0,407.7,28.04,0.7
2023-03-12,23,27,2548.0,764.4,57.14,0.7
2023-03-13,12,14,1390.0,417.0,30.36,0.6999999999999998
2023-03-14,20,22,2239.0,671.7,45.83,0.7
2023-03-15,5,5,546.0,148.8,9.94,0.72728
2023-03-16,19,22,2092.0,627.6,45.11,0.7
2023-03-17,15,18,1699.0,509.70000000000005,40.55,0.7
2023-03-18,16,17,1807.0,542.1,44.0,0.7
2023-03-19,18,18,1796.0,538.8000000000001,37.019999999999996,0.7
2023-03-20,9,13,1231.0,369.3,26.240000000000002,0.7
2023-03-21,6,7,675.0,202.5,16.31,0.6999999999999998
2023-03-22,9,10,887.0,266.1,18.46,0.7
2023-03-23,2,2,188.0,56.400000000000006,3.4699999999999998,0.7
2023-03-24,11,12,1114.0,334.2,27.93,0.7
2023-03-25,19,24,2177.0,638.1,43.62,0.707178947368421
2023-03-26,23,24,2362.0,708.6,58.129999999999995,0.7
2023-03-27,17,19,1704.0,511.2,36.63,0.7
2023-03-28,6,11,1072.0,321.6,24.44,0.6999999999999998
2023-03-29,3,5,485.0,145.5,9.54,0.6999999999999998
2023-03-30,19,23,2357.0,707.1,55.87,0.7
2023-03-31,13,14,1374.0,412.20000000000005,29.38,0.7
2023-04-01,24,32,3279.0,968.7,79.87,0.7056833333333333
2023-04-02,19,24,2444.0,718.2,60.269999999999996,0.707178947368421
2023-04-03,12,14,1419.0,425.70000000000005,32.51,0.6999999999999998
2023-04-04,20,22,2171.0,651.3,49.66,0.7
2023-04-05,14,16,1706.0,511.8,39.21,0.7
2023-04-06,31,43,4392.0,1317.6000000000001,94.36,0.7
2023-04-08,24,32,3326.0,982.8000000000001,67.6,0.7056833333333333
2023-04-09,38,47,4672.0,1401.6000000000001,90.5,0.7
2023-04-10,10,13,1418.0,425.40000000000003,30.79,0.7
2023-04-11,13,13,1278.0,368.40000000000003,30.41,0.7104923076923076
2023-04-12,7,8,805.0,241.5,21.49,0.7
2023-04-13,14,14,1446.0,433.8,30.009999999999998,0.7
2023-04-14,21,21,2133.0,639.9,45.699999999999996,0.7
2023-04-15,19,24,2460.0,693.0,54.25,0.7215368421052631
2023-04-16,21,24,2390.0,717.0,48.47,0.7
2023-04-17,24,26,2599.0,779.7,56.28,0.6999999999999998
2023-04-18,13,15,1534.0,460.20000000000005,39.04,0.7
2023-04-19,6,6,625.0,187.5,14.04,0.6999999999999998
2023-04-20,7,8,894.0,253.20000000000002,20.67,0.7194857142857142
2023-04-21,14,18,1709.0,512.7,40.72,0.7
2023-04-22,9,10,922.0,276.6,18.39,0.7
2023-04-23,17,20,2035.0,610.5,49.51,0.7
2023-04-24,11,13,1275.0,382.5,20.83,0.7
2023-04-25,17,20,2001.0,600.3,45.36,0.7
2023-04-26,9,11,1127.0,338.1,27.81,0.7
2023-04-27,17,18,1784.0,535.2,41.83,0.7
2023-04-28,19,23,2146.0,645.3000000000001,50.51,0.6985631578947368
2023-04-29,12,16,1551.0,420.3,33.47,0.7227333333333332
2023-04-30,15,19,1919.0,575.7,40.94,0.7
2023-05-01,13,19,1892.0,567.6,30.9,0.7
2023-05-02,10,10,933.0,279.9,23.46,0.7
2023-05-03,18,21,2187.0,626.1,47.64,0.7075777777777777
2023-05-04,18,24,2139.0,641.7,57.35,0.7
2023-05-05,11,12,1041.0,312.3,23.689999999999998,0.7
2023-05-06,11,11,1018.0,305.40000000000003,27.93,0.7
2023-05-07,21,27,2840.0,822.0,61.66,0.7064952380952381
2023-05-08,18,18,1672.0,501.6,39.48,0.7
2023-05-09,20,24,2362.0,708.6,56.54,0.7
2023-05-10,3,4,446.0,133.8,8.42,0.6999999999999998
2023-05-11,7,7,724.0,217.20000000000002,16.79,0.7
2023-05-12,9,9,872.0,261.6,19.59,0.7
2023-05-13,5,7,753.0,225.9,15.22,0.7
2023-05-14,12,19,1962.0,588.6,41.18,0.6999999999999998
2023-05-15,24,24,2504.0,721.2,46.35,0.7113666666666667
2023-05-16,12,12,1268.0,380.40000000000003,24.46,0.6999999999999998
2023-05-17,21,29,2916.0,874.8000000000001,65.79,0.7
2023-05-18,15,15,1570.0,471.0,36.129999999999995,0.7
2023-05-19,13,14,1374.0,412.2,28.15,0.7
2023-05-20,24,32,3302.0,990.6,73.31,0.6999999999999998
2023-05-21,27,30,3105.0,931.5,59.53,0.7
2023-05-22,4,5,408.0,122.4,13.129999999999999,0.7
2023-05-23,22,26,2335.0,700.5,58.57,0.7
2023-05-24,9,9,774.0,232.20000000000002,18.97,0.7
2023-05-25,15,20,1953.0,585.9000000000001,36.35,0.7
2023-05-26,15,16,1534.0,445.20000000000005,35.55,0.7090933333333334
2023-05-27,11,13,1079.0,323.7,29.83,0.7
2023-05-28,21,26,2575.0,772.5,56.36,0.7
2023-05-29,10,13,1364.0,409.20000000000005,28.59,0.7
2023-05-30,7,8,824.0,247.20000000000002,18.83,0.7
2023-05-31,16,17,1745.0,493.5,40.059999999999995,0.708525
2023-06-01,7,8,736.0,220.8,22.25,0.7
2023-06-02,5,5,387.0,116.1,8.8,0.7
2023-06-03,24,25,2347.0,704.1,49.379999999999995,0.6999999999999998
2023-06-04,22,28,2750.0,825.0,67.4,0.7
2023-06-05,14,19,1690.0,507.0,43.73,0.7
2023-06-06,39,46,4165.8,1234.74,92.99,0.7034974358974359
2023-06-07,15,16,1658.0,497.40000000000003,34.39,0.7
2023-06-08,18,24,2410.0,723.0,53.08,0.7
2023-06-09,4,4,318.0,95.4,9.41,0.7
2023-06-10,11,14,1404.0,421.20000000000005,40.86,0.7
2023-06-11,23,26,2607.0,767.1,56.199999999999996,0.7059304347826086
2023-06-12,34,37,3572.0,1071.6000000000001,75.47,0.7
2023-06-13,14,18,1632.0,489.6,34.57,0.7
2023-06-14,19,21,2127.0,638.1,56.449999999999996,0.7
2023-06-15,7,8,726.0,217.8,14.83,0.7
2023-06-16,16,18,1894.0,568.2,35.56,0.7
2023-06-17,11,13,1297.0,359.1,24.06,0.7123999999999999
2023-06-18,14,16,1623.0,471.90000000000003,35.51,0.7097428571428571
2023-06-19,11,12,1014.0,304.2,28.43,0.7
2023-06-20,6,6,532.0,159.60000000000002,15.919999999999998,0.6999999999999998
2023-06-21,15,17,1686.0,505.8,39.55,0.7
2023-06-22,10,12,1131.0,339.3,28.15,0.7
2023-06-23,9,10,1031.0,309.3,22.63,0.7
2023-06-24,26,28,2918.0,860.4000000000001,67.25,0.7052461538461537
2023-06-25,32,39,3853.0,1125.9,76.27,0.7042625
2023-06-26,20,22,2262.0,678.6,48.03,0.7
2023-06-27,21,21,2084.0,625.2,49.41,0.7
2023-06-28,18,19,1765.0,514.5,43.14,0.7075777777777777
2023-06-29,22,22,2203.0,660.9000000000001,51.58,0.7
2023-06-30,30,32,3107.0,887.1,67.12,0.7090933333333334
2023-07-01,37,45,4029.0,1178.7,88.98,0.7036864864864864
2023-07-02,34,50,4653.0,1395.9,99.54,0.7
2023-07-03,6,6,546.0,163.8,13.46,0.6999999999999998
2023-07-04,18,20,1927.0,548.1,44.81,0.7075777777777777
2023-07-05,9,9,734.0,220.20000000000002,20.91,0.7
2023-07-06,8,9,973.0,291.90000000000003,20.43,0.7
2023-07-07,6,7,670.0,201.0,14.4,0.6999999999999998
2023-07-08,19,27,2659.0,797.7,59.53,0.7
2023-07-09,22,24,2412.0,723.6,57.61,0.7
2023-07-10,18,21,2076.0,622.8000000000001,53.7,0.7
2023-07-11,11,14,1373.0,411.90000000000003,43.72,0.7
2023-07-12,7,8,812.0,243.6,13.91,0.7
2023-07-13,9,10,972.0,291.6,21.89,0.7
2023-07-14,15,17,1640.0,492.0,33.43,0.7
2023-07-15,10,11,1145.0,343.5,20.05,0.7
2023-07-16,12,13,1159.0,347.7,24.11,0.6999999999999998
2023-07-17,16,16,1566.0,469.8,34.5,0.7
2023-07-18,6,7,715.0,214.5,18.4,0.6999999999999998
2023-07-19,23,26,2567.0,770.1,48.87,0.7
2023-07-20,18,21,1902.0,555.6,46.65,0.7075777777777777
2023-07-21,4,6,576.0,172.8,15.35,0.7
2023-07-22,28,31,3198.0,944.4000000000001,59.519999999999996,0.7048714285714286
2023-07-23,14,20,2042.0,612.6,40.32,0.7
2023-07-24,14,15,1528.0,458.40000000000003,32.32,0.7
2023-07-25,9,11,1080.0,309.0,19.220000000000002,0.7151555555555555
2023-07-26,13,18,1761.0,528.3000000000001,41.83,0.7
2023-07-28,6,6,500.0,150.0,22.5,0.6999999999999998
2023-07-29,3,5,485.0,145.5,9.66,0.6999999999999998
2023-07-30,8,8,792.0,237.6,11.879999999999999,0.7
2023-07-31,2,3,317.0,95.10000000000001,4.75,0.7
2023-08-01,6,6,556.0,151.8,11.01,0.7227333333333332
2023-08-02,15,22,1827.0,548.1,45.8,0.7
2023-08-03,4,5,515.0,154.5,9.620000000000001,0.7
2023-08-04,5,7,626.0,187.8,15.1,0.7
2023-08-05,6,6,542.0,162.6,13.719999999999999,0.6999999999999998
2023-08-06,38,42,4261.0,1263.3,98.76,0.7035894736842105
2023-08-07,18,20,2032.0,609.6,44.61,0.7
2023-08-08,4,5,515.0,154.5,9.040000000000001,0.7
2023-08-09,9,9,844.0,253.2,21.47,0.7
2023-08-10,14,17,1750.0,525.0,52.06,0.7
2023-08-11,3,6,578.0,173.4,20.78,0.6999999999999998
2023-08-12,31,39,3743.0,1122.9,86.89,0.7
2023-08-13,24,27,2755.0,811.5,60.19,0.7056833333333333
2023-08-14,11,13,1297.0,389.1,24.23,0.7
2023-08-15,7,9,811.0,243.3,14.959999999999999,0.7
2023-08-16,21,33,3386.0,1015.8000000000001,87.97,0.7
2023-08-17,21,26,2691.0,792.3000000000001,61.93,0.7064952380952381
2023-08-18,27,39,4058.0,1217.4,78.62,0.7
2023-08-19,13,20,1783.0,534.9000000000001,32.24,0.7
2023-08-20,18,28,2930.0,879.0,61.980000000000004,0.7
2023-08-21,27,29,2709.0,812.7,63.19,0.7
2023-08-22,7,8,714.0,214.20000000000002,18.23,0.7
2023-08-23,23,30,2848.0,824.4,61.410000000000004,0.7118608695652173
2023-08-24,10,10,1005.0,301.5,31.95,0.7
2023-08-25,7,11,1120.0,336.0,22.0,0.7
2023-08-26,23,27,2573.0,771.9,56.43,0.7
2023-08-27,7,7,649.0,194.70000000000002,11.55,0.7
2023-08-28,24,28,2763.0,828.9,65.16,0.6999999999999998
2023-08-29,4,7,576.0,172.8,17.150000000000002,0.7
2023-08-30,8,9,790.0,222.0,19.57,0.71705
2023-08-31,5,6,605.0,166.5,8.69,0.72728
2023-09-01,10,11,1172.0,321.6,21.9,0.72728
2023-09-02,17,21,2042.0,612.6,41.35,0.7
2023-09-03,13,13,1294.0,388.20000000000005,27.060000000000002,0.7
2023-09-04,6,8,923.0,276.90000000000003,19.98,0.6999999999999998
2023-09-05,9,10,971.0,291.3,19.11,0.7
2023-09-06,3,7,753.0,225.9,14.559999999999999,0.6999999999999998
2023-09-07,8,15,1535.0,460.5,32.42,0.7
2023-09-08,13,13,1301.0,390.3,35.84,0.7
2023-09-09,24,27,2870.0,831.0,67.86,0.7113666666666667
2023-09-10,45,54,5381.0,1614.3,125.71,0.7
2023-09-11,25,30,2983.0,894.9000000000001,63.199999999999996,0.7
2023-09-12,7,7,677.0,203.10000000000002,19.919999999999998,0.7
2023-09-13,11,12,1140.0,342.0,24.38,0.7
2023-09-14,14,21,2038.0,551.4,45.379999999999995,0.7097428571428571
2023-09-15,17,18,1688.0,506.4,31.63,0.7
2023-09-16,10,12,1122.0,336.6,29.16,0.7
2023-09-17,25,26,2531.0,759.3000000000001,60.83,0.7
2023-09-18,19,21,1985.0,595.5,51.22,0.7
2023-09-19,22,24,2442.0,657.6,54.41,0.7248
2023-09-20,4,5,555.0,166.5,10.719999999999999,0.7
2023-09-21,6,6,585.0,175.5,13.799999999999999,0.6999999999999998
2023-09-23,11,14,1378.0,413.40000000000003,36.24,0.7
2023-09-24,28,35,3521.0,1056.3,71.89,0.7
2023-09-26,23,29,2889.0,836.7,63.48,0.7118608695652173
2023-09-27,14,17,1877.0,563.1,36.66,0.7
2023-09-28,5,6,685.0,190.5,13.76,0.72728
2023-09-29,28,33,3136.0,940.8000000000001,82.05,0.7
2023-09-30,14,15,1579.0,473.70000000000005,35.17,0.7
2023-10-01,10,13,1357.0,407.1,31.759999999999998,0.7
2023-10-02,8,9,942.0,282.6,20.3,0.7
2023-10-03,7,7,674.0,202.20000000000002,11.96,0.7
2023-10-04,7,11,920.0,276.0,19.65,0.7
2023-10-05,9,12,1020.0,291.0,17.94,0.7151555555555555
2023-10-08,16,18,1657.0,497.1,40.66,0.7
2023-10-09,14,15,1426.0,427.8,26.52,0.7
2023-10-10,17,18,1776.0,532.8000000000001,40.05,0.7
2023-10-11,14,20,1768.0,530.4,46.4,0.7
2023-10-12,8,8,672.0,201.6,22.75,0.7
2023-10-13,14,18,1832.0,549.6,34.31,0.7
2023-10-14,23,25,2485.0,745.5,56.769999999999996,0.7
2023-10-15,15,17,1632.0,489.6,35.29,0.7
2023-10-16,11,15,1516.0,454.8,31.45,0.7
2023-10-17,8,10,898.0,269.4,23.740000000000002,0.7
2023-10-18,9,14,1487.0,431.1,24.7,0.7151555555555555
2023-10-19,6,7,675.0,202.5,17.25,0.6999999999999998
2023-10-20,10,14,1359.0,407.70000000000005,28.84,0.7
2023-10-21,13,14,1431.0,429.3,41.05,0.7
2023-10-22,27,33,3368.0,950.4,72.66,0.7151555555555555
2023-10-23,10,13,1259.0,377.70000000000005,39.589999999999996,0.7
2023-10-24,6,9,952.0,270.6,16.04,0.7227333333333332
2023-10-25,24,33,3340.0,1002.0,65.8,0.6999999999999998
2023-10-26,10,13,1280.0,384.0,35.11,0.7
2023-10-27,16,23,2332.0,684.6,46.22,0.708525
2023-10-28,20,23,2200.0,645.0,45.45,0.7068199999999999
2023-10-29,14,14,1413.0,423.90000000000003,30.23,0.7
2023-10-30,47,63,6200.0,1845.0,143.58,0.7029021276595745
2023-10-31,33,36,3614.0,1069.2,83.84,0.7041333333333333
2023-11-01,18,18,1816.0,529.8000000000001,38.56,0.7075777777777777
2023-11-02,70,84,8684.2,2605.26,187.96,0.7
2023-11-03,18,22,2316.0,649.8,47.35,0.7151555555555555
2023-11-04,18,22,2198.0,659.4,49.98,0.7
2023-11-05,51,63,6248.0,1874.4,151.99,0.7
2023-11-06,6,9,917.0,275.1,19.330000000000002,0.6999999999999998
2023-11-07,15,19,1673.0,501.9,40.41,0.7
2023-11-08,7,10,1070.0,321.00000000000006,19.95,0.7
2023-11-09,27,35,3521.0,1056.3,80.03999999999999,0.7
2023-11-10,14,20,1912.0,573.6,39.29,0.7
2023-11-11,15,16,1553.0,465.90000000000003,37.11,0.7
2023-11-12,16,19,1995.0,598.5,46.74,0.7
2023-11-13,11,20,1864.0,559.2,38.78,0.7
2023-11-14,8,8,739.0,221.7,14.75,0.7
2023-11-15,19,23,2170.0,651.0,52.02,0.7
2023-11-16,6,6,644.0,193.20000000000002,12.370000000000001,0.6999999999999998
2023-11-17,6,7,755.0,226.5,21.58,0.6999999999999998
2023-11-18,5,8,852.0,255.60000000000002,19.51,0.7
2023-11-19,11,22,2233.0,669.9000000000001,54.41,0.7
2023-11-20,4,8,814.0,214.2,15.71,0.7341
2023-11-21,5,6,626.0,172.8,13.01,0.72728
2023-11-22,14,18,1858.0,527.4000000000001,42.17,0.7097428571428571
2023-11-23,17,37,3972.0,1161.6,89.86,0.7080235294117646
2023-11-24,13,14,1229.0,353.7,33.91,0.7104923076923076
2023-11-25,7,22,2519.0,755.7,52.25,0.7
2023-11-26,42,72,6859.0,2057.7000000000003,154.35999999999999,0.7
2023-11-27,21,21,2070.0,621.0,44.92,0.7
2023-11-28,13,13,1220.0,366.0,32.8,0.7
2023-11-29,14,14,1301.0,390.3,32.05,0.7
2023-11-30,12,13,1335.0,400.5,27.939999999999998,0.6999999999999998
2023-12-01,11,12,1138.0,341.40000000000003,28.04,0.7
2023-12-02,20,25,2244.0,673.2,47.91,0.7
2023-12-03,24,31,2720.0,816.0,68.64,0.6999999999999998
2023-12-04,19,20,1965.0,589.5,46.91,0.7
2023-12-05,19,22,2113.0,618.9,41.2,0.707178947368421
2023-12-06,6,7,695.0,193.5,16.04,0.7227333333333332
2023-12-07,18,18,1697.0,494.1,37.64,0.7075777777777777
2023-12-08,12,13,1256.0,376.8,25.56,0.6999999999999998
2023-12-09,17,24,2399.0,719.7,49.71,0.7
2023-12-10,18,20,1896.0,568.8000000000001,49.16,0.7
2023-12-11,14,16,1448.0,434.40000000000003,34.019999999999996,0.7
2023-12-12,16,18,1769.0,530.7,49.9,0.7
2023-12-13,9,13,1272.0,381.6,26.3,0.7
2023-12-14,16,18,1792.0,537.6,44.15,0.7
2023-12-15,16,16,1671.0,501.3,34.94,0.7
2023-12-16,10,10,1008.0,302.4,23.45,0.7
2023-12-17,16,20,1894.0,568.2,52.19,0.7
2023-12-18,5,6,576.0,172.8,15.46,0.7
2023-12-19,3,7,643.0,192.9,13.51,0.6999999999999998
2023-12-20,5,6,617.0,170.10000000000002,14.92,0.72728
2023-12-21,14,18,1883.0,564.9,35.91,0.7
2023-12-22,4,6,597.0,179.10000000000002,18.37,0.7
2023-12-23,17,18,1757.0,527.1,39.48,0.7
2023-12-24,12,17,1645.0,493.5,31.65,0.6999999999999998
2023-12-26,48,69,6521.0,1956.3,139.42,0.6999999999999998
2023-12-27,23,27,2769.0,830.7,65.8,0.7
2023-12-28,10,10,968.0,290.40000000000003,22.9,0.7
2023-12-29,12,16,1550.0,465.0,34.86,0.6999999999999998
2023-12-30,19,22,2194.0,658.2,52.49,0.7
2023-12-31,9,11,1161.0,348.3,25.6,0.7
2024-01-02,20,22,2294.0,688.2,43.14,0.7
2024-01-03,13,14,1392.0,417.6,24.27,0.7
2024-01-04,24,26,2686.0,790.8000000000001,54.589999999999996,0.7056833333333333
2024-01-05,11,12,1191.0,357.3,27.689999999999998,0.7
2024-01-06,17,23,2354.0,601.2,48.71,0.7160470588235294
2024-01-07,17,20,1884.0,565.2,39.11,0.7
2024-01-08,15,19,1546.0,463.8,31.61,0.7
2024-01-09,31,47,4284.0,1255.2,92.91,0.7088
2024-01-10,19,19,1644.0,493.2,38.33,0.7
2024-01-11,9,11,1121.0,336.3,26.52,0.7
2024-01-12,25,29,2888.0,851.4000000000001,58.71,0.705456
2024-01-13,30,36,3566.0,1069.8,75.26,0.7
2024-01-14,41,45,4348.0,1304.4,103.41,0.7
2024-01-15,42,48,4849.0,1454.7,115.42,0.7
2024-01-16,11,13,1317.0,395.1,23.08,0.7
2024-01-17,6,12,1118.0,335.4,20.73,0.6999999999999998
2024-01-18,15,16,1594.0,463.20000000000005,34.08,0.7090933333333334
2024-01-19,8,9,902.0,270.6,19.32,0.7
2024-01-20,23,28,2700.0,810.0,57.25,0.7
2024-01-21,33,41,4139.0,1241.7,98.62,0.7
2024-01-22,25,30,2753.0,825.9,60.05,0.7
2024-01-23,18,20,1834.0,550.2,39.91,0.7
2024-01-24,17,18,1822.0,531.6,37.34,0.7080235294117646
2024-01-25,5,7,807.0,212.10000000000002,14.2,0.72728
2024-01-26,25,26,2521.0,756.3000000000001,54.16,0.7
2024-01-27,36,42,3675.0,1102.5,87.94,0.7
2024-01-28,40,45,4141.0,1242.3,91.14,0.7
2024-01-29,21,29,2565.0,739.5,55.9,0.7064952380952381
2024-01-30,19,21,1911.0,573.3000000000001,43.03,0.7
2024-01-31,12,13,1250.0,375.0,23.18,0.6999999999999998
2024-02-01,10,11,1132.0,324.6,23.98,0.71364
2024-02-02,14,15,1468.0,440.40000000000003,32.42,0.7
2024-02-03,23,29,2694.0,808.2,53.28,0.7
2024-02-04,45,61,5681.0,1704.3,125.56,0.7
2024-02-05,35,39,3962.0,1188.6000000000001,84.09,0.7
2024-02-06,17,19,1969.0,590.7,44.14,0.7
2024-02-07,11,14,1457.0,437.1,31.29,0.7
2024-02-09,25,32,3213.0,948.9,65.16,0.705456
2024-02-10,22,24,2331.0,684.3000000000001,49.0,0.7061999999999999
2024-02-11,21,25,2517.0,755.1,51.019999999999996,0.7
2024-02-12,15,21,2002.0,570.6,44.83,0.7090933333333334
2024-02-13,6,7,663.0,198.9,10.29,0.6999999999999998
2024-02-14,15,16,1612.0,483.6,34.57,0.7
2024-02-15,8,10,1110.0,333.0,21.54,0.7
2024-02-16,20,26,2508.0,752.4,56.37,0.7
2024-02-17,16,16,1634.0,490.20000000000005,35.46,0.7
2024-02-18,24,28,2565.0,754.5,66.07,0.7056833333333333
2024-02-19,25,30,3005.0,901.5,68.51,0.7
2024-02-20,7,10,1040.0,312.0,19.64,0.7
2024-02-21,5,7,660.0,198.0,14.74,0.7
2024-02-23,16,20,1899.0,569.7,39.75,0.7
2024-02-24,24,27,2836.0,850.8000000000001,54.65,0.6999999999999998
2024-02-25,16,18,1792.0,537.6,36.36,0.7
2024-02-26,14,16,1581.0,459.3,41.589999999999996,0.7097428571428571
2024-02-27,9,11,1151.0,345.3,22.4,0.7
2024-02-28,8,10,940.0,282.0,16.84,0.7
2024-02-29,16,19,1897.0,569.1,43.8,0.7
2024-03-01,8,10,996.0,298.8,21.75,0.7
2024-03-03,13,13,1328.0,398.40000000000003,28.0,0.7
2024-03-04,14,16,1596.0,478.8,34.44,0.7
2024-03-05,7,12,1373.0,411.90000000000003,27.31,0.7
2024-03-06,3,6,654.0,196.20000000000002,13.74,0.6999999999999998
2024-03-07,3,5,535.0,160.5,9.33,0.6999999999999998
2024-03-08,14,17,1760.0,528.0,37.36,0.7
2024-03-09,13,16,1488.0,446.4,37.519999999999996,0.7
2024-03-10,14,16,1638.0,491.40000000000003,36.68,0.7
2024-03-11,8,9,776.0,232.8,19.9,0.7
2024-03-12,17,21,2178.0,653.4000000000001,45.12,0.7
2024-03-13,8,9,961.0,288.3,19.37,0.7
2024-03-14,7,9,923.0,276.9,23.82,0.7
2024-03-15,12,16,1606.2,481.86,33.18,0.6999999999999998
2024-03-16,29,30,2887.0,866.1,63.43,0.7
2024-03-17,30,31,3446.0,1033.8,78.1,0.7
2024-03-18,15,17,1667.0,500.1,39.03,0.7
2024-03-19,10,10,964.0,289.20000000000005,27.4,0.7
2024-03-20,10,12,1162.0,348.6,28.2,0.7
2024-03-21,8,9,914.0,259.2,19.38,0.71705
2024-03-22,8,10,1047.0,314.1,20.56,0.7
2024-03-23,21,23,2156.0,631.8000000000001,50.92,0.7064952380952381
2024-03-24,30,34,3176.0,952.8000000000001,81.46,0.7
2024-03-25,16,22,2246.0,673.8000000000001,44.44,0.7
2024-03-26,13,15,1475.0,442.5,29.1,0.7
2024-03-27,15,17,1701.0,510.3,45.75,0.7
2024-03-28,34,39,3773.0,1116.9,89.21,0.7040117647058823
2024-03-29,47,52,5230.0,1569.0,109.88,0.7
2024-03-30,16,21,2232.0,654.6,43.4,0.708525
2024-03-31,30,33,3439.0,1031.7,69.21,0.7
2024-04-01,13,15,1457.0,437.1,31.09,0.7
2024-04-02,8,11,1044.0,298.20000000000005,24.79,0.71705
2024-04-03,14,21,2228.0,668.4,47.269999999999996,0.7
2024-04-04,6,8,838.0,251.40000000000003,15.7,0.6999999999999998
2024-04-05,13,19,2008.0,602.4,39.83,0.7
2024-04-06,8,10,979.0,293.70000000000005,26.72,0.7
2024-04-07,19,21,2203.0,660.9,53.18,0.7
2024-04-08,33,33,3354.0,1006.2,77.8,0.7
2024-04-09,55,63,6290.2,1872.0600000000002,138.11,0.7024799999999999
2024-04-10,8,9,972.0,291.6,22.4,0.7
2024-04-11,6,8,784.0,235.20000000000002,17.81,0.6999999999999998
2024-04-12,17,29,2674.0,802.2,58.95,0.7
2024-04-13,18,25,2443.0,717.9,56.019999999999996,0.7075777777777777
2024-04-14,15,17,1663.0,498.90000000000003,31.09,0.7
2024-04-15,18,23,2260.0,678.0,47.57,0.7
2024-04-16,7,7,710.0,213.0,16.439999999999998,0.7
2024-04-17,13,18,1697.0,509.1,38.660000000000004,0.7
2024-04-18,11,14,1349.0,389.7,26.23,0.7123999999999999
2024-04-19,2,5,565.0,169.5,12.58,0.7
2024-04-20,8,13,1237.0,371.1,20.59,0.7
2024-04-21,15,15,1577.0,473.1,34.3,0.7
2024-04-22,22,22,2019.0,605.7,49.879999999999995,0.7
2024-04-23,11,11,1101.0,330.3,22.84,0.7
2024-04-24,25,29,3016.0,874.8000000000001,57.879999999999995,0.710912
2024-04-25,8,12,1310.0,393.0,33.36,0.7
2024-04-26,4,6,654.0,196.20000000000002,13.42,0.7
2024-04-27,19,22,2334.0,700.2,60.629999999999995,0.7
2024-04-28,26,29,2837.0,851.1,61.98,0.7
2024-04-29,10,11,1121.0,336.3,26.9,0.7
2024-04-30,24,25,2563.0,753.9000000000001,59.39,0.7056833333333333
2024-05-01,10,10,977.0,293.1,21.31,0.7
2024-05-02,11,22,2273.0,651.9,47.17,0.7123999999999999
2024-05-03,4,7,763.0,228.90000000000003,15.379999999999999,0.7
2024-05-04,25,29,2827.0,848.1,60.64,0.7
2024-05-05,41,51,4878.0,1433.4,112.87,0.7066536585365853
2024-05-06,11,13,1259.0,377.7,30.89,0.7
2024-05-07,10,11,1036.0,310.8,23.18,0.7
2024-05-08,7,8,892.0,267.6,18.32,0.7
2024-05-09,9,13,1378.0,413.40000000000003,27.66,0.7
2024-05-10,7,7,735.0,220.5,19.15,0.7
2024-05-11,4,8,852.0,255.60000000000002,16.71,0.7
2024-05-12,16,19,1940.0,582.0,40.69,0.7
2024-05-13,7,9,853.0,255.9,19.849999999999998,0.7
2024-05-14,5,7,724.0,217.20000000000002,15.52,0.7
2024-05-15,12,13,1359.0,407.70000000000005,29.02,0.6999999999999998
2024-05-16,10,10,1031.0,309.3,20.349999999999998,0.7
2024-05-17,15,17,1607.0,482.1,38.67,0.7
2024-05-18,17,20,2009.0,602.7,40.05,0.7
2024-05-19,23,23,2421.0,726.3000000000001,50.4,0.7
2024-05-20,18,21,2051.0,570.3000000000001,43.54,0.7075777777777777
2024-05-21,12,14,1395.0,418.5,33.21,0.6999999999999998
2024-05-22,9,12,1240.0,372.0,28.47,0.7
2024-05-23,14,14,1441.0,432.3,40.22,0.7
2024-05-24,14,16,1667.0,500.1,34.73,0.7
2024-05-25,8,9,923.0,276.90000000000003,18.45,0.7
2024-05-26,7,9,903.0,255.90000000000003,17.92,0.7194857142857142
2024-05-27,6,8,792.0,237.60000000000002,16.14,0.6999999999999998
2024-05-28,21,28,2565.0,769.5,56.11,0.7
2024-05-29,5,9,942.0,282.6,19.73,0.7
2024-05-30,11,11,1053.0,315.90000000000003,27.58,0.7
2024-05-31,24,31,3174.0,952.2,71.65,0.6999999999999998
2024-06-01,26,27,2630.0,789.0,63.64,0.7
2024-06-02,24,25,2400.0,720.0,53.76,0.6999999999999998
2024-06-03,16,16,1679.0,488.70000000000005,35.03,0.708525
2024-06-04,10,15,1585.0,475.50000000000006,28.29,0.7
2024-06-05,5,7,724.0,217.20000000000002,14.879999999999999,0.7
2024-06-06,10,11,999.0,299.7,18.14,0.7
2024-06-07,9,10,1020.0,306.0,18.24,0.7
2024-06-08,7,10,1032.0,309.6,23.84,0.7
2024-06-09,20,25,2414.0,679.2,56.980000000000004,0.71364
2024-06-10,12,14,1385.0,415.5,31.08,0.6999999999999998
2024-06-11,2,2,208.0,62.400000000000006,4.2,0.7
2024-06-12,30,36,3906.0,1171.8000000000002,77.46,0.7
2024-06-13,12,15,1738.0,521.4000000000001,40.68,0.6999999999999998
2024-06-14,24,26,2708.0,812.4000000000001,59.5,0.6999999999999998
2024-06-15,28,33,3678.0,1085.4,83.08,0.7053571428571429
2024-06-16,25,31,3525.0,1057.5,73.37,0.7
2024-06-17,25,26,2817.0,827.1,54.97,0.706
2024-06-18,23,27,2752.0,825.6,76.57,0.7
2024-06-19,17,18,2102.0,612.6,42.41,0.7088235294117646
2024-06-20,17,20,2206.0,661.8000000000001,43.62,0.7
2024-06-21,8,10,1152.0,345.6,25.16,0.7
2024-06-22,16,24,2551.0,747.3000000000001,49.14,0.709375
2024-06-23,13,13,1379.5,413.85,29.69,0.7
2024-06-24,12,12,1308.0,392.40000000000003,27.880000000000003,0.6999999999999998
2024-06-25,6,10,1119.0,335.70000000000005,22.19,0.6999999999999998
2024-06-26,7,9,1034.0,310.20000000000005,22.79,0.7
2024-06-27,12,15,1571.0,471.3,36.31,0.6999999999999998
2024-06-28,7,12,1228.0,368.4,25.12,0.7
2024-06-29,11,12,1325.0,397.5,28.99,0.7
2024-06-30,22,26,2857.0,857.1,63.79,0.7
2024-07-01,25,32,3434.0,1012.2,73.62,0.706
2024-07-02,15,22,2409.0,722.7,50.089999999999996,0.7
2024-07-03,7,7,803.0,240.90000000000003,12.76,0.7
2024-07-04,16,18,2041.0,612.3000000000001,51.75,0.7
2024-07-05,13,13,1420.0,426.0,31.259999999999998,0.7
2024-07-06,27,30,3379.0,1013.7,79.71000000000001,0.7
2024-07-07,12,16,1717.0,515.1,34.42,0.6999999999999998
2024-07-08,14,15,1752.0,525.6,37.35,0.7
2024-07-09,17,19,2173.0,651.9000000000001,46.28,0.7
2024-07-10,18,21,2278.0,683.4000000000001,51.269999999999996,0.7
2024-07-11,14,16,1833.0,531.9,38.38,0.7107142857142856
2024-07-12,10,13,1508.0,452.40000000000003,32.18,0.7
2024-07-13,21,23,2567.0,770.1,49.589999999999996,0.7
2024-07-14,13,18,2076.0,622.8000000000001,46.45,0.7
2024-07-15,20,20,2145.0,643.5,49.37,0.7
2024-07-16,15,18,1950.0,585.0,42.23,0.7
2024-07-18,8,8,903.0,270.90000000000003,18.68,0.7
2024-07-19,20,33,3507.0,1052.1000000000001,81.17,0.7
2024-07-20,13,15,1729.0,500.70000000000005,40.11,0.7115384615384616
2024-07-21,23,27,2815.0,844.5,54.92,0.7
2024-07-23,1,1,109.0,32.7,1.64,0.7
2024-07-25,3,5,595.0,178.5,10.35,0.6999999999999998
2024-07-26,5,7,753.0,225.9,13.44,0.7
2024-07-27,16,19,2042.0,612.6,36.15,0.7
2024-07-28,24,24,2714.0,796.2,48.74,0.7062499999999999
2024-07-29,7,9,1061.0,318.3,19.41,0.7
2024-07-30,4,6,734.0,220.20000000000002,14.75,0.7
2024-07-31,3,6,644.0,193.20000000000002,10.32,0.6999999999999998
2024-08-03,5,8,864.0,259.20000000000005,19.590000000000003,0.7
2024-08-04,7,8,883.0,264.90000000000003,18.79,0.7
2024-08-05,26,31,3475.0,1042.5,82.94,0.7
2024-08-06,15,17,2025.0,607.5,46.84,0.7
2024-08-07,9,10,1103.0,330.90000000000003,24.28,0.7
2024-08-09,2,2,198.0,59.400000000000006,2.98,0.7
2024-08-10,8,10,1274.0,382.20000000000005,24.46,0.7
2024-08-11,44,51,5982.0,2626.2,317.66,0.5727272727272728
2024-08-12,21,28,3714.0,1252.8,136.21,0.6666666666666666
2024-08-13,24,32,3427.0,1582.5,186.88,0.5541666666666666
2024-08-14,16,17,1858.0,626.7,56.54,0.65625
2024-08-15,24,33,3901.0,1568.1000000000001,175.56,0.6479166666666666
2024-08-16,28,33,3822.0,1285.2,125.39999999999999,0.6749999999999999
2024-08-17,14,17,2069.0,566.7,47.34,0.7107142857142856
2024-08-18,44,62,8115.0,2781.0,300.76,0.6204545454545454
2024-08-19,28,37,4167.0,2063.7,244.35,0.6303571428571428
2024-08-20,19,20,2493.0,886.5,98.52,0.6263157894736842
2024-08-21,11,14,1526.0,457.8,30.4,0.7
2024-08-22,6,10,1196.0,774.6,107.17,0.4666666666666666
2024-08-23,9,11,1309.0,392.70000000000005,23.259999999999998,0.7
2024-08-24,39,52,5188.0,1764.3000000000002,173.44,0.6641025641025641
2024-08-25,36,52,5491.0,2201.7,261.72,0.6222222222222222
2024-08-26,26,34,3563.0,1138.2,90.56,0.6730769230769231
2024-08-27,8,11,1393.0,417.90000000000003,39.65,0.7
2024-08-28,8,10,1102.0,538.5,66.34,0.6124999999999999
2024-08-29,18,23,2496.0,887.4000000000001,84.42999999999999,0.6222222222222222
2024-08-30,29,35,4087.0,1485.3,156.14,0.632758620689655
2024-08-31,17,22,2771.0,1039.2,106.19,0.6588235294117647
2024-09-01,29,34,3756.0,1473.3,164.18,0.6275862068965516
2024-09-02,14,17,2050.0,822.9000000000001,88.46,0.5999999999999999
2024-09-03,11,14,1622.0,625.2,76.86,0.6363636363636364
2024-09-04,11,14,1430.0,706.2,84.1,0.6363636363636364
2024-09-05,4,7,743.0,500.1,65.67999999999999,0.5249999999999999
2024-09-06,15,22,2420.0,843.9,88.87,0.6266666666666666
2024-09-07,19,25,2612.0,852.9,78.39,0.6631578947368421
2024-09-08,14,15,1733.0,501.90000000000003,37.23,0.7107142857142856
2024-09-09,22,25,2591.0,1054.5,111.95,0.6045454545454545
2024-09-10,10,13,1386.0,554.4,61.75,0.63
2024-09-11,8,10,1032.0,707.4,98.84,0.36874999999999997
2024-09-12,25,30,3235.0,1039.8,94.97,0.6719999999999999
2024-09-13,12,16,1549.0,534.0,54.24,0.6416666666666666
2024-09-15,26,28,3229.0,1158.6000000000001,111.47,0.6519230769230769
2024-09-16,12,18,2068.0,897.6,112.03,0.5833333333333334
2024-09-17,9,10,1061.0,420.9,52.82,0.5611111111111111
2024-09-18,5,10,1030.0,655.5,82.99,0.41999999999999993
2024-09-19,13,18,2012.0,950.1,118.73,0.5384615384615384
2024-09-20,19,25,2898.0,1008.0,90.01,0.6631578947368421
2024-09-21,44,54,5934.0,2108.7000000000003,227.11,0.671590909090909
2024-09-22,29,33,3995.0,1337.1000000000001,140.98,0.6517241379310345
2024-09-23,18,21,2305.0,691.5,50.21,0.7
2024-09-24,7,7,888.0,266.4,22.4,0.7
2024-09-25,11,13,1752.0,525.6,52.84,0.7
2024-09-26,13,19,2038.0,1235.1,157.1,0.4846153846153846
2024-09-27,15,20,2343.0,841.5,84.29,0.6533333333333332
2024-09-28,27,34,4072.0,1221.6000000000001,104.56,0.7
2024-09-29,27,29,3363.0,1147.5,107.17,0.6481481481481481
2024-09-30,10,13,1705.0,580.8000000000001,57.79,0.63
2024-10-01,12,13,1456.0,644.7,77.9,0.5833333333333334
2024-10-02,20,21,2790.0,837.0,75.1,0.7
2024-10-03,24,29,3545.0,1184.1000000000001,112.97,0.6479166666666666
2024-10-04,8,10,1192.0,357.6,30.759999999999998,0.7
2024-10-05,11,13,1609.0,621.3,74.96,0.6363636363636364
2024-10-06,23,28,3012.0,885.6,74.97,0.7065217391304348
2024-10-07,19,21,2381.0,714.3000000000001,55.96,0.7
2024-10-08,22,24,2593.0,985.8000000000001,106.94,0.6045454545454545
2024-10-09,20,22,2411.0,1000.5,104.39999999999999,0.595
2024-10-10,9,11,1197.0,428.40000000000003,43.08,0.6222222222222222
2024-10-11,15,19,2049.0,822.6,101.94,0.6533333333333332
2024-10-12,7,9,1161.0,348.3,37.35,0.7
2024-10-13,34,36,4594.0,1568.1000000000001,165.28,0.6426470588235293
2024-10-14,31,37,3927.0,1470.6000000000001,163.88,0.5919354838709677
2024-10-15,25,30,3533.0,1129.2,118.88,0.6719999999999999
2024-10-16,15,20,3201.0,960.3000000000001,101.91,0.7
2024-10-17,11,15,2063.0,688.2,81.22,0.6363636363636364
2024-10-18,10,12,1491.0,429.3,34.2,0.715
2024-10-19,19,23,2748.0,963.0,97.32,0.6631578947368421
2024-10-20,44,61,7029.0,2488.5,252.77,0.6556818181818181
2024-10-21,23,28,3124.0,937.2,60.75,0.7
2024-10-22,21,22,2918.0,1152.6,128.29,0.6
2024-10-23,38,40,4465.0,1598.7,154.06,0.6486842105263158
2024-10-24,2,5,495.0,495.0,74.25,0.0
2024-10-25,5,6,556.0,166.8,13.91,0.7
2024-10-26,16,23,2702.0,792.6,80.18,0.709375
2024-10-27,48,49,5561.0,2014.8000000000002,202.4,0.6416666666666666
2024-10-28,8,11,1016.0,304.8,33.6,0.7
2024-10-29,13,15,1576.0,611.4000000000001,68.37,0.6461538461538461
2024-10-30,24,41,4322.0,2058.9,230.91,0.5541666666666666
2024-10-31,17,19,2442.0,1009.8,121.63,0.6176470588235294
2024-11-01,23,32,3511.0,1191.9,121.78,0.6695652173913043
2024-11-02,18,25,3519.0,1471.5,173.98,0.6222222222222222
2024-11-03,33,36,4066.0,1201.8,102.18,0.7045454545454546
2024-11-04,12,13,1428.0,428.40000000000003,28.79,0.6999999999999998
2024-11-05,8,9,1035.0,292.5,24.14,0.71875
2024-11-06,12,14,1449.0,642.6,70.72,0.6416666666666666
2024-11-07,42,58,5940.0,2369.7000000000003,253.04,0.6571428571428571
2024-11-08,14,17,2112.0,633.6,62.58,0.7
2024-11-09,31,48,5336.0,2709.6,340.07,0.5870967741935483
2024-11-10,22,25,2811.0,825.3000000000001,60.29,0.7068181818181818
2024-11-11,6,10,1009.0,613.2,86.49000000000001,0.6333333333333333
2024-11-12,19,21,2203.0,730.2,60.71,0.6631578947368421
2024-11-13,5,9,972.0,620.1,82.03,0.59
2024-11-14,14,16,1897.0,620.4000000000001,54.67,0.6607142857142857
2024-11-15,7,7,845.0,235.5,18.07,0.7214285714285714
2024-11-16,18,24,2598.0,830.7,75.17,0.6694444444444444
2024-11-17,8,12,1282.0,348.6,27.2,0.7374999999999999
2024-11-18,15,23,2595.0,1122.3,135.57999999999998,0.6166666666666667
2024-11-19,11,11,1351.0,405.3,34.86,0.7
2024-11-20,13,14,1783.0,534.9000000000001,44.160000000000004,0.7
2024-11-21,10,12,1398.0,558.0,68.84,0.63
2024-11-22,6,9,1127.0,338.1,36.06,0.6999999999999998
2024-11-23,13,17,2103.0,612.9,48.89,0.7115384615384616
2024-11-24,31,31,3603.0,1062.9,89.09,0.7048387096774192
2024-11-25,23,33,3274.0,1328.7,143.34,0.6391304347826087
2024-11-26,23,31,3090.0,1827.9,233.71,0.4869565217391304
2024-11-27,15,18,2009.0,931.2,100.91,0.6166666666666667
2024-11-28,4,5,466.0,278.4,37.2,0.5249999999999999
2024-11-29,8,10,1044.0,485.1,60.19,0.54375
2024-11-30,28,33,3871.0,1577.1000000000001,166.47,0.5999999999999999
2024-12-01,31,46,5013.0,2751.3,341.88,0.5870967741935483
2024-12-02,19,20,2177.0,653.1,41.97,0.7
2024-12-03,16,20,2342.0,630.6,50.17,0.71875
2024-12-04,18,19,2408.0,686.4000000000001,52.31,0.7083333333333334
2024-12-05,10,14,1537.0,876.9000000000001,107.17999999999999,0.5599999999999999
2024-12-06,7,9,1301.0,390.3,45.760000000000005,0.7
2024-12-07,22,24,2630.0,927.6,86.9,0.6363636363636364
2024-12-08,31,32,3657.0,1166.4,113.28,0.6774193548387096
2024-12-09,14,17,1785.0,586.8000000000001,54.39,0.6607142857142857
2024-12-10,22,30,4014.0,1620.0,200.49,0.6363636363636364
2024-12-11,17,20,2386.0,715.8000000000001,66.46,0.7
2024-12-12,16,20,2472.0,741.6,82.08,0.7
2024-12-13,24,26,2731.0,888.6,85.72,0.6708333333333333
2024-12-14,20,23,2689.0,806.7,72.41,0.7
2024-12-15,19,27,3314.0,1271.4,139.09,0.6631578947368421
2024-12-16,35,45,5179.0,2177.4,258.02,0.58
2024-12-17,12,15,1646.0,683.7,66.67,0.6541666666666667
2024-12-18,16,21,2331.0,958.5,112.46,0.621875
2024-12-19,13,23,2672.0,1060.8,112.37,0.6576923076923076
2024-12-20,34,39,4610.0,1919.4,216.73999999999998,0.6014705882352941
2024-12-21,20,22,2490.0,936.9000000000001,84.85,0.6024999999999999
2024-12-22,15,23,2168.0,1066.2,123.43,0.6066666666666667
2024-12-23,41,45,5227.0,1706.7,149.29,0.6658536585365853
2024-12-26,37,53,6544.0,2099.1,202.35,0.6662162162162162
2024-12-27,38,48,5927.0,1916.7,187.49,0.6815789473684211
2024-12-28,38,53,5657.0,1956.3000000000002,180.7,0.6671052631578946
2024-12-29,53,62,6889.0,2238.6,193.56,0.6896226415094339
2024-12-30,25,31,3666.0,1099.8,103.53999999999999,0.7
2024-12-31,27,28,3102.0,999.9000000000001,94.71,0.674074074074074
2025-01-02,59,64,7368.0,2487.6,251.05,0.6644067796610169
2025-01-03,38,48,5841.0,1890.9,149.26,0.6815789473684211
2025-01-04,23,29,3217.0,965.1,69.91,0.7
2025-01-05,55,65,7732.0,2804.7000000000003,283.72,0.6618181818181817
2025-01-06,29,31,3463.0,1002.9000000000001,93.61,0.7103448275862069
2025-01-07,18,18,2046.0,595.8000000000001,45.77,0.7083333333333334
2025-01-08,25,28,3516.0,1226.7,144.92,0.6559999999999999
2025-01-09,21,30,3464.0,1524.3000000000002,164.75,0.6333333333333333
2025-01-10,17,20,2252.0,883.5,84.28,0.6588235294117647
2025-01-11,55,64,7676.0,2890.5,320.06,0.6545454545454545
2025-01-12,57,63,6831.0,2429.1,254.67,0.6561403508771929
2025-01-13,35,41,4733.0,1453.2,124.36,0.6885714285714285
2025-01-14,30,37,4103.0,1698.0,187.41,0.6116666666666666
2025-01-15,20,23,2742.0,891.9000000000001,76.63,0.6649999999999999
2025-01-16,18,20,2142.0,693.9,64.77,0.6694444444444444
2025-01-17,25,54,6111.0,2179.8,242.04,0.6439999999999999
2025-01-18,29,33,3781.0,1116.3000000000002,83.53,0.7051724137931035
2025-01-19,42,47,5881.0,1936.2,199.2,0.6738095238095237
2025-01-20,38,42,4780.0,1503.3000000000002,119.92999999999999,0.6815789473684211
2025-01-21,35,50,5800.0,1947.9,181.59,0.6599999999999999
2025-01-22,22,25,2921.0,1153.5,134.86,0.6363636363636364
2025-01-23,21,27,2937.0,1158.3,119.31,0.6333333333333333
2025-01-24,20,21,2287.0,824.7,70.33,0.63
2025-01-25,21,24,2602.0,849.9000000000001,75.98,0.6666666666666666
2025-01-26,37,47,5119.0,1605.0,120.78,0.681081081081081
2025-01-27,29,37,4456.0,1475.4,155.73,0.6758620689655171
2025-01-28,29,32,3628.0,1296.3,116.8,0.6758620689655171
2025-01-29,38,45,4757.2,1981.5600000000002,199.93,0.6263157894736842
2025-01-30,21,29,3122.0,1213.8,139.46,0.6333333333333333
2025-01-31,27,28,3481.0,1128.9,119.18,0.6592592592592591
2025-02-01,34,42,4915.0,1682.4,163.05,0.6794117647058823
2025-02-02,47,55,6386.0,2382.9,247.46,0.6436170212765957
2025-02-03,28,34,3557.0,1482.9,154.57999999999998,0.625
2025-02-04,29,33,3504.0,1449.0,151.92,0.632758620689655
2025-02-05,15,19,2033.0,748.5,64.66,0.6533333333333332
2025-02-06,17,22,2773.0,1003.8000000000001,103.53,0.626470588235294
2025-02-07,21,21,2536.0,830.1,82.32000000000001,0.6666666666666666
2025-02-08,29,35,3993.0,1405.8,135.44,0.6275862068965516
2025-02-09,58,68,7533.0,2259.9,164.4,0.7
2025-02-10,9,11,1066.0,319.8,22.92,0.7
2025-02-11,20,21,2214.0,802.8000000000001,75.66,0.63
2025-02-12,8,8,863.0,258.9,18.35,0.7
2025-02-13,6,7,1204.0,569.1,76.9,0.4666666666666666
2025-02-14,32,34,3960.0,1152.0,98.88,0.7046874999999999
2025-02-15,33,39,4052.0,1908.6,227.29,0.5727272727272726
2025-02-16,38,39,5490.0,1716.3,155.92,0.6815789473684211
2025-02-17,19,22,2627.0,788.1,62.89,0.7
2025-02-18,25,29,2894.0,1076.1,111.73,0.616
2025-02-19,20,24,2598.0,848.7,73.22,0.6649999999999999
2025-02-20,10,13,1601.0,480.3,39.34,0.7
2025-02-21,27,33,3673.0,1448.4,148.12,0.6222222222222221
2025-02-22,24,28,3088.0,1342.2,168.23,0.5833333333333334
2025-02-23,32,37,4509.0,1611.9,188.69,0.6390625
2025-02-24,8,13,1358.0,892.5,118.63999999999999,0.5249999999999999
2025-02-25,21,24,2825.0,829.5,59.35,0.7071428571428571
2025-02-26,21,26,2839.0,1128.9,110.69,0.6666666666666666
2025-02-27,2,3,327.0,98.10000000000001,6.87,0.7
2025-02-28,9,10,1072.0,529.5,64.94,0.5444444444444444
2025-03-01,21,29,3557.0,1067.1000000000001,86.41,0.7
2025-03-02,67,100,10920.0,4662.0,510.08,0.6268656716417911
2025-03-03,44,93,10001.0,5043.3,581.72,0.671590909090909
2025-03-04,29,33,3693.0,1315.8,130.83,0.6517241379310345
2025-03-05,6,8,813.0,313.20000000000005,26.49,0.5833333333333334
2025-03-06,20,25,2808.0,1119.6,121.75999999999999,0.63
2025-03-07,7,10,1379.0,534.3,66.01,0.6214285714285713
2025-03-08,12,14,1603.0,480.90000000000003,33.11,0.6999999999999998
2025-03-09,42,49,5859.0,2137.5,231.2,0.6738095238095237
2025-03-10,15,17,1863.0,697.5,67.82,0.6533333333333332
2025-03-11,19,28,3135.0,1320.3000000000002,152.17,0.6710526315789473
2025-03-12,33,57,6233.0,3463.8,430.23,0.6151515151515151
2025-03-13,11,13,1492.0,447.6,36.52,0.7
2025-03-14,14,18,1782.0,950.4,120.35,0.5999999999999999
2025-03-15,8,10,1091.0,327.3,21.05,0.7
2025-03-16,38,55,6780.0,3281.4,384.68,0.6078947368421052
2025-03-17,14,15,1632.0,471.6,38.02,0.7107142857142856
2025-03-18,18,20,2426.0,1005.0,118.67,0.5444444444444444
2025-03-19,16,18,1951.0,654.6,55.57,0.65625
2025-03-20,21,30,3314.0,1114.8,105.53,0.6738095238095237
2025-03-21,7,11,1148.0,534.3,64.66,0.6214285714285713
2025-03-22,24,28,3224.0,1018.5,78.7,0.6770833333333334
2025-03-23,24,29,3306.0,991.8000000000001,88.34,0.6999999999999998
2025-03-24,37,45,5257.0,1697.7,168.75,0.6851351351351351
2025-03-25,11,13,1419.0,633.6,72.37,0.6363636363636364
2025-03-26,10,13,1540.0,651.9,74.28999999999999,0.6449999999999999
2025-03-27,8,12,1423.0,390.90000000000003,35.13,0.71875
2025-03-28,9,15,1666.0,915.6,112.41999999999999,0.6222222222222222
2025-03-29,4,4,476.0,142.8,8.629999999999999,0.7
2025-03-30,29,33,3929.0,1437.9,146.37,0.6568965517241379
2025-03-31,26,38,4806.0,1441.8000000000002,139.13,0.7
2025-04-01,36,45,5111.0,1533.3000000000002,120.38,0.7
2025-04-02,42,52,6103.0,2523.9,279.42,0.6166666666666666
2025-04-03,8,9,1133.0,339.90000000000003,29.630000000000003,0.7
2025-04-04,18,20,2458.0,806.7,72.21000000000001,0.661111111111111
2025-04-05,42,46,5138.0,1680.0,149.16,0.6833333333333333
2025-04-06,42,44,5215.0,1633.8000000000002,132.85,0.6833333333333333
2025-04-07,16,20,2126.0,637.8000000000001,52.48,0.7
2025-04-08,11,17,1512.0,661.5,67.49,0.6363636363636364
2025-04-09,21,22,2520.0,876.6,89.21,0.6738095238095237
2025-04-10,6,11,1165.0,765.3,102.72,0.4666666666666666
2025-04-11,24,25,2807.0,842.1,62.44,0.6999999999999998
2025-04-12,16,20,2297.0,879.0,96.58,0.6656249999999999
2025-04-13,29,29,3281.0,1068.9,103.12,0.6672413793103448
2025-04-14,31,42,5059.0,1656.3000000000002,163.42,0.6774193548387096
2025-04-15,27,37,4205.0,1243.5,98.89,0.7055555555555555
2025-04-16,35,40,4678.0,1749.9,191.58,0.64
2025-04-17,17,20,2309.0,674.7,62.64,0.7088235294117646
2025-04-18,46,61,7973.0,2738.4,280.29,0.6543478260869565
2025-04-19,38,49,5694.0,2124.0,226.08,0.6447368421052632
2025-04-20,40,49,5338.0,2137.8,228.68,0.66875
2025-04-21,31,40,4294.0,1686.0,182.67000000000002,0.6596774193548387
2025-04-22,33,33,3865.0,1228.8,110.12,0.6787878787878787
2025-04-23,18,21,2582.0,774.6,69.01,0.7
2025-04-24,21,26,3335.0,1069.8,97.44,0.6666666666666666
2025-04-25,20,25,2834.0,1275.0,136.25,0.5375
2025-04-26,42,48,5975.0,2472.5,285.3,0.625
2025-04-27,23,28,3749.0,1194.0,110.12,0.6695652173913043
2025-04-28,18,28,3101.0,1536.0,196.05,0.6694444444444444
2025-04-29,10,12,1543.0,478.20000000000005,47.48,0.6599999999999999
2025-04-30,22,27,3037.0,911.1,90.25,0.7
2025-05-01,34,46,5177.0,2107.5,216.39,0.6588235294117647
2025-05-02,11,13,1597.0,617.7,73.08,0.6363636363636364
2025-05-03,23,27,3681.0,1432.8,164.84,0.6456521739130434
2025-05-04,29,33,3854.0,1207.5,123.19,0.6810344827586207
2025-05-05,31,37,4388.0,1662.9,158.18,0.6548387096774193
2025-05-06,9,9,1201.0,360.3,25.84,0.7
2025-05-07,13,17,1990.0,943.5,106.0,0.5923076923076922
2025-05-08,15,22,2653.0,1211.7,146.35999999999999,0.6533333333333332
2025-05-09,15,17,2138.0,641.4000000000001,55.57,0.7
2025-05-10,31,42,5062.0,2217.9,268.6,0.632258064516129
2025-05-11,44,51,5982.0,2002.5,192.57999999999998,0.6681818181818181
2025-05-12,44,57,6798.0,2506.5,254.45000000000002,0.6874999999999999
2025-05-13,8,9,1042.0,312.6,22.03,0.7
2025-05-14,18,24,3005.0,883.5,78.03999999999999,0.7083333333333334
2025-05-15,21,22,2613.0,783.9000000000001,56.38,0.7
2025-05-16,17,19,2408.0,722.4,69.11,0.7
2025-05-18,42,50,5979.0,1932.3000000000002,175.13,0.6666666666666666
2025-05-19,33,48,5829.0,2007.9,176.69,0.6833333333333332
2025-05-20,24,31,3887.0,1286.7,114.50999999999999,0.6479166666666666
2025-05-21,23,25,3244.0,1042.5,102.64,0.6695652173913043
2025-05-22,45,56,6568.0,2298.9,217.03,0.6566666666666666
2025-05-23,8,12,1362.0,598.5,74.69999999999999,0.63125
2025-05-24,8,10,1221.0,574.2,64.94999999999999,0.6124999999999999
2025-05-25,21,26,3073.0,1129.8,105.34,0.6333333333333333
2025-05-26,25,28,3574.0,1262.1000000000001,132.37,0.6779999999999999
2025-05-27,13,15,1773.0,531.9,55.32,0.7
2025-05-28,22,28,3680.0,1032.0,98.33,0.7204545454545455
2025-05-29,24,27,3251.0,1183.2,121.56,0.6124999999999999
2025-05-30,4,7,813.0,451.8,53.839999999999996,0.5249999999999999
2025-05-31,18,23,2748.0,824.4000000000001,64.95,0.7
2025-06-01,23,30,2933.0,1028.5,114.71,0.6043478260869565
2025-06-02,10,13,2051.0,615.3,63.6,0.7
2025-06-03,19,24,2793.0,976.5,90.53,0.6263157894736842
2025-06-04,34,42,5025.0,2200.5,243.43,0.5764705882352941
2025-06-05,19,20,2957.0,956.4000000000001,103.73,0.6631578947368421
2025-06-06,12,18,2003.0,1016.7,115.2,0.5833333333333334
2025-06-07,21,24,3267.4,926.22,81.82000000000001,0.7142857142857143
2025-06-09,17,28,3730.0,1119.0,113.67,0.7
2025-06-10,12,12,1462.0,646.5,82.64,0.525
2025-06-11,7,9,982.0,276.6,28.55,0.7214285714285714
2025-06-12,30,33,3502.0,1170.9,93.97,0.5666666666666667
2025-06-13,23,30,3198.0,1398.2,163.44,0.5760869565217391
2025-06-14,23,28,3870.0,1161.0,103.7,0.7
2025-06-15,12,13,1459.0,401.70000000000005,38.06,0.725
2025-06-16,22,24,3189.0,954.0,85.4,0.6818181818181818
2025-06-17,12,14,1660.0,498.0,40.36,0.6999999999999998
2025-06-18,12,17,1861.0,696.9,63.3,0.5833333333333334
2025-06-19,17,21,2588.0,776.4,61.74,0.7
2025-06-20,9,12,1550.0,742.2,92.94,0.5444444444444444
2025-06-21,20,27,2305.0,916.4,84.33,0.5725
2025-06-22,10,14,1690.4,645.72,63.449999999999996,0.63
2025-06-23,10,13,1654.0,565.5,68.17,0.63
2025-06-24,6,9,1189.0,564.6,73.69,0.5833333333333334
2025-06-25,19,29,3635.0,1506.3,163.1,0.6631578947368421
2025-06-26,9,11,1297.0,389.1,29.869999999999997,0.7
2025-06-27,5,12,1299.0,926.1,127.42,0.59
2025-06-28,26,32,4004.0,1373.1000000000001,140.14,0.6576923076923076
2025-06-29,36,52,5914.0,2744.4,317.65,0.6222222222222222
2025-06-30,7,9,1051.0,523.2,58.599999999999994,0.5999999999999999
2025-07-01,17,21,2696.0,947.4000000000001,97.17,0.6176470588235294
2025-07-02,11,11,1398.0,401.40000000000003,35.92,0.7136363636363636
2025-07-03,5,10,1050.0,869.4,122.67,0.13999999999999999
2025-07-04,25,27,3256.0,976.8000000000001,69.95,0.7
2025-07-05,16,19,2380.0,696.0,46.26,0.709375
2025-07-06,17,20,2239.0,948.9000000000001,101.22,0.6176470588235294
2025-07-07,17,26,3273.0,1120.5,115.87,0.6176470588235294
2025-07-08,2,2,219.0,65.7,7.0,0.7
2025-07-09,8,9,1093.0,327.90000000000003,23.94,0.7
2025-07-10,9,11,1250.0,634.2,74.17999999999999,0.5611111111111111
2025-07-11,19,24,2732.0,1096.8,111.08999999999999,0.6263157894736842
2025-07-12,18,22,2773.0,952.5,89.41,0.6694444444444444
2025-07-13,20,27,3138.0,941.4000000000001,86.25,0.7
2025-07-14,19,20,2375.0,833.1,78.53999999999999,0.6710526315789473
2025-07-15,8,11,1763.0,492.90000000000003,48.56,0.71875
2025-07-16,11,14,1815.0,544.5,65.02,0.7
2025-07-17,8,8,1096.0,328.8,35.980000000000004,0.7
2025-07-18,14,14,2570.0,771.0,81.6,0.7
2025-07-19,22,26,4964.0,1489.2,170.72,0.7
2025-07-20,14,14,1616.0,484.80000000000007,25.75,0.7
2025-07-21,5,5,605.0,250.8,24.479999999999997,0.5599999999999999
2025-07-22,14,15,1737.0,521.1,50.31,0.7
2025-07-23,3,4,507.0,152.10000000000002,9.93,0.6999999999999998
2025-07-24,5,8,982.0,433.20000000000005,44.269999999999996,0.5599999999999999
2025-07-25,35,39,4874.0,1495.5,136.22,0.6885714285714285
2025-07-26,16,18,2236.0,722.1,75.81,0.6656249999999999
2025-07-27,15,25,2794.0,802.2,77.26,0.7099999999999999
2025-07-28,14,15,1726.0,587.1,62.66,0.65
2025-07-29,19,23,2851.0,924.6,74.87,0.6631578947368421
2025-07-30,10,12,1763.0,528.9,56.06,0.7
2025-07-31,8,8,1453.0,435.9,41.94,0.7
2025-08-01,27,27,3336.0,1070.1000000000001,98.14,0.674074074074074
2025-08-02,27,35,4263.0,1450.8000000000002,135.09,0.6333333333333333
2025-08-03,29,40,5217.0,1773.0,144.89,0.6758620689655171
2025-08-04,17,24,3385.0,1274.7,153.53,0.626470588235294
2025-08-05,16,18,2862.0,909.9000000000001,95.21000000000001,0.6656249999999999
2025-08-06,29,35,3987.0,1584.9,175.82999999999998,0.593103448275862
2025-08-07,12,14,1677.0,641.7,56.43,0.6416666666666666
2025-08-08,19,25,2733.0,1157.4,130.73,0.6473684210526315
2025-08-09,24,30,3706.0,1116.8000000000002,103.69,0.6791666666666666
2025-08-10,25,28,3491.0,1047.3000000000002,76.17,0.7
2025-08-11,26,32,3997.0,1181.1000000000001,90.97,0.7057692307692307
2025-08-12,6,6,705.0,211.5,14.37,0.6999999999999998
2025-08-13,13,13,1555.0,466.5,35.62,0.7
2025-08-14,25,30,3333.0,1200.3,118.24,0.6433319999999999
2025-08-15,5,5,615.0,184.5,11.120000000000001,0.7
2025-08-16,24,31,4025.0,1207.5,84.81,0.6999999999999998
2025-08-17,16,17,2090.0,632.0,57.72,0.66875
2025-08-18,34,44,4746.0,1426.3000000000002,111.34,0.6642147058823529
2025-08-19,7,7,785.0,235.5,18.18,0.7
2025-08-20,16,22,2840.0,852.0,78.8,0.7
2025-08-21,13,24,3074.0,1407.3,179.48000000000002,0.6461538461538461
2025-08-22,17,18,2018.0,813.3000000000001,93.32,0.5764705882352941
2025-08-23,29,42,5922.0,2192.4,242.82,0.6758620689655171
2026-01-20,14,15,2610.0,783.0,65.19,0.7
2026-01-21,6,6,685.0,293.0,38.55,0.5166666666666666
2026-01-23,3,4,540.0,136.74,13.309999999999999,0.7601333333333332
2026-02-02,6,7,810.0,283.0,39.09,0.6666666666666666
2026-02-07,7,8,1089.0,346.7,33.97,0.6714285714285714
